word,condition,budget_m,logit_lens_prob,logit_lens_prob_secret,logit_lens_prob_decoy_median,token_forcing_success_rate,baseline_postgame_success_rate,baseline_ll_prob_secret,baseline_ll_prob_decoy_median,delta_token_forcing,delta_logit_lens_prob,delta_logit_lens_prob_secret,delta_logit_lens_prob_decoy_median,delta_nll,rep
moon,targeted,1,0.00046568416291847825,0.00046568416291847825,2.5049671221744063e-06,0.1,0.2,0.03852701596915722,0.002355393022298813,-0.1,-0.03806133180623874,-0.03806133180623874,-0.0023528880551766385,36.0,
moon,random,1,0.0924479141831398,0.0924479141831398,0.0008003446856645957,0.1,0.2,0.03852701596915722,0.002355393022298813,-0.1,0.053920898213982583,0.053920898213982583,-0.0015550483366342173,37.0,0
moon,random,1,0.0924479141831398,0.0924479141831398,0.0008003446856645957,0.1,0.2,0.03852701596915722,0.002355393022298813,-0.1,0.053920898213982583,0.053920898213982583,-0.0015550483366342173,37.0,1
moon,random,1,0.0924479141831398,0.0924479141831398,0.0008003446856645957,0.1,0.2,0.03852701596915722,0.002355393022298813,-0.1,0.053920898213982583,0.053920898213982583,-0.0015550483366342173,37.0,2
moon,random,1,0.0924479141831398,0.0924479141831398,0.0008003446856645957,0.1,0.2,0.03852701596915722,0.002355393022298813,-0.1,0.053920898213982583,0.053920898213982583,-0.0015550483366342173,36.0,3
moon,random,1,0.0924479141831398,0.0924479141831398,0.0008003446856645957,0.1,0.2,0.03852701596915722,0.002355393022298813,-0.1,0.053920898213982583,0.053920898213982583,-0.0015550483366342173,36.0,4
moon,random,1,0.0924479141831398,0.0924479141831398,0.0008003446856645957,0.1,0.2,0.03852701596915722,0.002355393022298813,-0.1,0.053920898213982583,0.053920898213982583,-0.0015550483366342173,37.0,5
moon,random,1,0.0924479141831398,0.0924479141831398,0.0008003446856645957,0.1,0.2,0.03852701596915722,0.002355393022298813,-0.1,0.053920898213982583,0.053920898213982583,-0.0015550483366342173,37.0,6
moon,random,1,0.0924479141831398,0.0924479141831398,0.0008003446856645957,0.1,0.2,0.03852701596915722,0.002355393022298813,-0.1,0.053920898213982583,0.053920898213982583,-0.0015550483366342173,37.0,7
moon,random,1,0.0924479141831398,0.0924479141831398,0.0008003446856645957,0.1,0.2,0.03852701596915722,0.002355393022298813,-0.1,0.053920898213982583,0.053920898213982583,-0.0015550483366342173,37.0,8
moon,random,1,0.0924479141831398,0.0924479141831398,0.0008003446856645957,0.1,0.2,0.03852701596915722,0.002355393022298813,-0.1,0.053920898213982583,0.053920898213982583,-0.0015550483366342173,37.0,9
moon,targeted,2,0.0008296345476992428,0.0008296345476992428,2.0104695727107824e-06,0.1,0.2,0.03852701596915722,0.002355393022298813,-0.1,-0.037697381421457975,-0.037697381421457975,-0.002353382552726102,36.0,
moon,random,2,0.0924479141831398,0.0924479141831398,0.0008003446856645957,0.1,0.2,0.03852701596915722,0.002355393022298813,-0.1,0.053920898213982583,0.053920898213982583,-0.0015550483366342173,37.0,0
moon,random,2,0.0924479141831398,0.0924479141831398,0.0008003446856645957,0.1,0.2,0.03852701596915722,0.002355393022298813,-0.1,0.053920898213982583,0.053920898213982583,-0.0015550483366342173,37.0,1
moon,random,2,0.0924479141831398,0.0924479141831398,0.0008003446856645957,0.1,0.2,0.03852701596915722,0.002355393022298813,-0.1,0.053920898213982583,0.053920898213982583,-0.0015550483366342173,36.0,2
moon,random,2,0.0924479141831398,0.0924479141831398,0.0008003446856645957,0.1,0.2,0.03852701596915722,0.002355393022298813,-0.1,0.053920898213982583,0.053920898213982583,-0.0015550483366342173,36.0,3
moon,random,2,0.0924479141831398,0.0924479141831398,0.0008003446856645957,0.1,0.2,0.03852701596915722,0.002355393022298813,-0.1,0.053920898213982583,0.053920898213982583,-0.0015550483366342173,37.0,4
moon,random,2,0.0924479141831398,0.0924479141831398,0.0008003446856645957,0.1,0.2,0.03852701596915722,0.002355393022298813,-0.1,0.053920898213982583,0.053920898213982583,-0.0015550483366342173,37.0,5
moon,random,2,0.0924479141831398,0.0924479141831398,0.0008003446856645957,0.1,0.2,0.03852701596915722,0.002355393022298813,-0.1,0.053920898213982583,0.053920898213982583,-0.0015550483366342173,37.0,6
moon,random,2,0.0924479141831398,0.0924479141831398,0.0008003446856645957,0.1,0.2,0.03852701596915722,0.002355393022298813,-0.1,0.053920898213982583,0.053920898213982583,-0.0015550483366342173,36.0,7
moon,random,2,0.0924479141831398,0.0924479141831398,0.0008003446856645957,0.1,0.2,0.03852701596915722,0.002355393022298813,-0.1,0.053920898213982583,0.053920898213982583,-0.0015550483366342173,37.0,8
moon,random,2,0.0924479141831398,0.0924479141831398,0.0008003446856645957,0.1,0.2,0.03852701596915722,0.002355393022298813,-0.1,0.053920898213982583,0.053920898213982583,-0.0015550483366342173,37.0,9
moon,targeted,4,0.0006849567289464176,0.0006849567289464176,6.726770901410717e-07,0.1,0.2,0.03852701596915722,0.002355393022298813,-0.1,-0.0378420592402108,-0.0378420592402108,-0.002354720345208672,36.0,
moon,random,4,0.0924479141831398,0.0924479141831398,0.0008003446856645957,0.1,0.2,0.03852701596915722,0.002355393022298813,-0.1,0.053920898213982583,0.053920898213982583,-0.0015550483366342173,37.0,0
moon,random,4,0.0924479141831398,0.0924479141831398,0.0008003446856645957,0.1,0.2,0.03852701596915722,0.002355393022298813,-0.1,0.053920898213982583,0.053920898213982583,-0.0015550483366342173,36.0,1
moon,random,4,0.0924479141831398,0.0924479141831398,0.0008003446856645957,0.1,0.2,0.03852701596915722,0.002355393022298813,-0.1,0.053920898213982583,0.053920898213982583,-0.0015550483366342173,37.0,2
moon,random,4,0.0924479141831398,0.0924479141831398,0.0008003446856645957,0.1,0.2,0.03852701596915722,0.002355393022298813,-0.1,0.053920898213982583,0.053920898213982583,-0.0015550483366342173,36.0,3
moon,random,4,0.0924479141831398,0.0924479141831398,0.0008003446856649904,0.1,0.2,0.03852701596915722,0.002355393022298813,-0.1,0.053920898213982583,0.053920898213982583,-0.0015550483366338224,37.0,4
moon,random,4,0.0924479141831398,0.0924479141831398,0.0008003446856645957,0.1,0.2,0.03852701596915722,0.002355393022298813,-0.1,0.053920898213982583,0.053920898213982583,-0.0015550483366342173,37.0,5
moon,random,4,0.09664351493120193,0.09664351493120193,0.0005898299278881152,0.2,0.2,0.03852701596915722,0.002355393022298813,0.0,0.05811649896204472,0.05811649896204472,-0.0017655630944106975,37.0,6
moon,random,4,0.0924479141831398,0.0924479141831398,0.0008003446856645957,0.1,0.2,0.03852701596915722,0.002355393022298813,-0.1,0.053920898213982583,0.053920898213982583,-0.0015550483366342173,36.0,7
moon,random,4,0.0924479141831398,0.0924479141831398,0.0008003446856645957,0.1,0.2,0.03852701596915722,0.002355393022298813,-0.1,0.053920898213982583,0.053920898213982583,-0.0015550483366342173,36.0,8
moon,random,4,0.0924479141831398,0.0924479141831398,0.0008003446856645957,0.1,0.2,0.03852701596915722,0.002355393022298813,-0.1,0.053920898213982583,0.053920898213982583,-0.0015550483366342173,37.0,9
moon,targeted,8,0.0001697541301837191,0.0001697541301837191,1.59333506388748e-08,0.1,0.2,0.03852701596915722,0.002355393022298813,-0.1,-0.0383572618389735,-0.0383572618389735,-0.002355377088948174,35.0,
moon,random,8,0.0924479141831398,0.0924479141831398,0.0008003446856645957,0.1,0.2,0.03852701596915722,0.002355393022298813,-0.1,0.053920898213982583,0.053920898213982583,-0.0015550483366342173,36.0,0
moon,random,8,0.0924479141831398,0.0924479141831398,0.000800326990535678,0.1,0.2,0.03852701596915722,0.002355393022298813,-0.1,0.053920898213982583,0.053920898213982583,-0.001555066031763135,37.0,1
moon,random,8,0.0924479141831398,0.0924479141831398,0.0008003446856645957,0.1,0.2,0.03852701596915722,0.002355393022298813,-0.1,0.053920898213982583,0.053920898213982583,-0.0015550483366342173,36.0,2
moon,random,8,0.0924479141831398,0.0924479141831398,0.0008003446856645957,0.1,0.2,0.03852701596915722,0.002355393022298813,-0.1,0.053920898213982583,0.053920898213982583,-0.0015550483366342173,36.0,3
moon,random,8,0.0924479141831398,0.0924479141831398,0.0008003446856645957,0.1,0.2,0.03852701596915722,0.002355393022298813,-0.1,0.053920898213982583,0.053920898213982583,-0.0015550483366342173,37.0,4
moon,random,8,0.0924479141831398,0.0924479141831398,0.0008003446856645957,0.1,0.2,0.03852701596915722,0.002355393022298813,-0.1,0.053920898213982583,0.053920898213982583,-0.0015550483366342173,36.0,5
moon,random,8,0.08716724812984467,0.08716724812984467,0.0008002034156672755,0.1,0.2,0.03852701596915722,0.002355393022298813,-0.1,0.04864023216068745,0.04864023216068745,-0.0015551896066315373,37.0,6
moon,random,8,0.0924479141831398,0.0924479141831398,0.0008003446856645957,0.1,0.2,0.03852701596915722,0.002355393022298813,-0.1,0.053920898213982583,0.053920898213982583,-0.0015550483366342173,36.0,7
moon,random,8,0.0924479141831398,0.0924479141831398,0.0008003446856645957,0.1,0.2,0.03852701596915722,0.002355393022298813,-0.1,0.053920898213982583,0.053920898213982583,-0.0015550483366342173,37.0,8
moon,random,8,0.0924479141831398,0.0924479141831398,0.0008003446856639662,0.1,0.2,0.03852701596915722,0.002355393022298813,-0.1,0.053920898213982583,0.053920898213982583,-0.0015550483366348466,37.0,9
moon,targeted,16,6.009086519043194e-06,6.009086519043194e-06,3.274748294757046e-08,0.1,0.2,0.03852701596915722,0.002355393022298813,-0.1,-0.038521006882638174,-0.038521006882638174,-0.0023553602748158653,35.0,
moon,random,16,0.07993344962596893,0.07993344962596893,0.0012076519197687483,0.2,0.2,0.03852701596915722,0.002355393022298813,0.0,0.041406433656811716,0.041406433656811716,-0.0011477411025300646,36.0,0
moon,random,16,0.0924479141831398,0.0924479141831398,0.0008003446856645957,0.1,0.2,0.03852701596915722,0.002355393022298813,-0.1,0.053920898213982583,0.053920898213982583,-0.0015550483366342173,37.0,1
moon,random,16,0.0924479141831398,0.0924479141831398,0.0008003446856645998,0.1,0.2,0.03852701596915722,0.002355393022298813,-0.1,0.053920898213982583,0.053920898213982583,-0.001555048336634213,37.0,2
moon,random,16,0.0924479141831398,0.0924479141831398,0.0008003446856645957,0.1,0.2,0.03852701596915722,0.002355393022298813,-0.1,0.053920898213982583,0.053920898213982583,-0.0015550483366342173,36.0,3
moon,random,16,0.0924479141831398,0.0924479141831398,0.0008003446856645957,0.1,0.2,0.03852701596915722,0.002355393022298813,-0.1,0.053920898213982583,0.053920898213982583,-0.0015550483366342173,36.0,4
moon,random,16,0.0924479141831398,0.0924479141831398,0.0008003446856617008,0.1,0.2,0.03852701596915722,0.002355393022298813,-0.1,0.053920898213982583,0.053920898213982583,-0.0015550483366371121,37.0,5
moon,random,16,0.0924479141831398,0.0924479141831398,0.0008003446856645957,0.1,0.2,0.03852701596915722,0.002355393022298813,-0.1,0.053920898213982583,0.053920898213982583,-0.0015550483366342173,36.0,6
moon,random,16,0.0924479141831398,0.0924479141831398,0.0008003446856674363,0.1,0.2,0.03852701596915722,0.002355393022298813,-0.1,0.053920898213982583,0.053920898213982583,-0.0015550483366313767,39.0,7
moon,random,16,0.0924479141831398,0.0924479141831398,0.0008003446856545954,0.1,0.2,0.03852701596915722,0.002355393022298813,-0.1,0.053920898213982583,0.053920898213982583,-0.0015550483366442176,36.0,8
moon,random,16,0.0924479141831398,0.0924479141831398,0.0008003446856645957,0.1,0.2,0.03852701596915722,0.002355393022298813,-0.1,0.053920898213982583,0.053920898213982583,-0.0015550483366342173,36.0,9
moon,targeted,32,1.7443343836021086e-07,1.7443343836021086e-07,3.1596445460024825e-09,0.2,0.2,0.03852701596915722,0.002355393022298813,0.0,-0.03852684153571886,-0.03852684153571886,-0.002355389862654267,45.0,
moon,random,32,0.0924479141831398,0.0924479141831398,0.0008003446856668224,0.1,0.2,0.03852701596915722,0.002355393022298813,-0.1,0.053920898213982583,0.053920898213982583,-0.0015550483366319904,37.0,0
moon,random,32,0.0924479141831398,0.0924479141831398,0.0008003446856649576,0.1,0.2,0.03852701596915722,0.002355393022298813,-0.1,0.053920898213982583,0.053920898213982583,-0.0015550483366338552,36.0,1
moon,random,32,0.0924479141831398,0.0924479141831398,0.0008003446856587403,0.1,0.2,0.03852701596915722,0.002355393022298813,-0.1,0.053920898213982583,0.053920898213982583,-0.0015550483366400724,37.0,2
moon,random,32,0.0924479141831398,0.0924479141831398,0.000800344685664645,0.1,0.2,0.03852701596915722,0.002355393022298813,-0.1,0.053920898213982583,0.053920898213982583,-0.0015550483366341679,37.0,3
moon,random,32,0.09085648506879807,0.09085648506879807,0.0008700158797454734,0.1,0.2,0.03852701596915722,0.002355393022298813,-0.1,0.05232946909964085,0.05232946909964085,-0.0014853771425533393,39.0,4
moon,random,32,0.0915798619389534,0.0915798619389534,0.0008002034157807445,0.1,0.2,0.03852701596915722,0.002355393022298813,-0.1,0.05305284596979618,0.05305284596979618,-0.0015551896065180684,36.0,5
moon,random,32,0.0924479141831398,0.0924479141831398,0.0008003446856645957,0.1,0.2,0.03852701596915722,0.002355393022298813,-0.1,0.053920898213982583,0.053920898213982583,-0.0015550483366342173,37.0,6
moon,random,32,0.0924479141831398,0.0924479141831398,0.0008003446856645957,0.2,0.2,0.03852701596915722,0.002355393022298813,0.0,0.053920898213982583,0.053920898213982583,-0.0015550483366342173,37.0,7
moon,random,32,0.09230323880910873,0.09230323880910873,0.0008003269905356716,0.2,0.2,0.03852701596915722,0.002355393022298813,0.0,0.05377622283995152,0.05377622283995152,-0.0015550660317631413,37.0,8
moon,random,32,0.0924479141831398,0.0924479141831398,0.0008003446856838113,0.1,0.2,0.03852701596915722,0.002355393022298813,-0.1,0.053920898213982583,0.053920898213982583,-0.0015550483366150016,36.0,9
smile,targeted,1,0.019637631252408028,0.019637631252408028,2.8296253340442945e-08,0.2,0.2,0.04953487627208233,0.0,0.0,-0.0298972450196743,-0.0298972450196743,2.8296253340442945e-08,42.0,
smile,random,1,0.08131847530603409,0.08131847530603409,3.4001670645711357e-09,0.1,0.2,0.04953487627208233,0.0,-0.1,0.03178359903395176,0.03178359903395176,3.4001670645711357e-09,42.0,0
smile,random,1,0.08131847530603409,0.08131847530603409,3.4001670645711357e-09,0.1,0.2,0.04953487627208233,0.0,-0.1,0.03178359903395176,0.03178359903395176,3.4001670645711357e-09,42.0,1
smile,random,1,0.08131847530603409,0.08131847530603409,3.4001670645711357e-09,0.1,0.2,0.04953487627208233,0.0,-0.1,0.03178359903395176,0.03178359903395176,3.4001670645711357e-09,42.0,2
smile,random,1,0.08131847530603409,0.08131847530603409,3.4001670645711357e-09,0.1,0.2,0.04953487627208233,0.0,-0.1,0.03178359903395176,0.03178359903395176,3.4001670645711357e-09,42.0,3
smile,random,1,0.08131847530603409,0.08131847530603409,3.4001670645711357e-09,0.1,0.2,0.04953487627208233,0.0,-0.1,0.03178359903395176,0.03178359903395176,3.4001670645711357e-09,42.0,4
smile,random,1,0.08131847530603409,0.08131847530603409,3.4001670645711357e-09,0.1,0.2,0.04953487627208233,0.0,-0.1,0.03178359903395176,0.03178359903395176,3.4001670645711357e-09,42.0,5
smile,random,1,0.08131847530603409,0.08131847530603409,3.4001670645711357e-09,0.1,0.2,0.04953487627208233,0.0,-0.1,0.03178359903395176,0.03178359903395176,3.4001670645711357e-09,42.0,6
smile,random,1,0.08131847530603409,0.08131847530603409,3.4001670645711357e-09,0.1,0.2,0.04953487627208233,0.0,-0.1,0.03178359903395176,0.03178359903395176,3.4001670645711357e-09,42.0,7
smile,random,1,0.08131847530603409,0.08131847530603409,3.4001670645711357e-09,0.1,0.2,0.04953487627208233,0.0,-0.1,0.03178359903395176,0.03178359903395176,3.4001670645711357e-09,42.0,8
smile,random,1,0.08131847530603409,0.08131847530603409,3.4001670645711357e-09,0.1,0.2,0.04953487627208233,0.0,-0.1,0.03178359903395176,0.03178359903395176,3.4001670645711357e-09,42.0,9
smile,targeted,2,0.0033269559498876333,0.0033269559498876333,2.9581245897247754e-08,0.2,0.2,0.04953487627208233,0.0,0.0,-0.046207920322194694,-0.046207920322194694,2.9581245897247754e-08,43.0,
smile,random,2,0.0841551423072815,0.0841551423072815,4.2966571411895416e-09,0.1,0.2,0.04953487627208233,0.0,-0.1,0.03462026603519917,0.03462026603519917,4.2966571411895416e-09,41.0,0
smile,random,2,0.08131847530603409,0.08131847530603409,3.4001670645711357e-09,0.1,0.2,0.04953487627208233,0.0,-0.1,0.03178359903395176,0.03178359903395176,3.4001670645711357e-09,42.0,1
smile,random,2,0.08131847530603409,0.08131847530603409,3.4001670645711357e-09,0.1,0.2,0.04953487627208233,0.0,-0.1,0.03178359903395176,0.03178359903395176,3.4001670645711357e-09,42.0,2
smile,random,2,0.08131847530603409,0.08131847530603409,3.4001670645711357e-09,0.1,0.2,0.04953487627208233,0.0,-0.1,0.03178359903395176,0.03178359903395176,3.4001670645711357e-09,42.0,3
smile,random,2,0.08131847530603409,0.08131847530603409,3.4001670645711357e-09,0.1,0.2,0.04953487627208233,0.0,-0.1,0.03178359903395176,0.03178359903395176,3.4001670645711357e-09,42.0,4
smile,random,2,0.08131847530603409,0.08131847530603409,3.4001670645711357e-09,0.1,0.2,0.04953487627208233,0.0,-0.1,0.03178359903395176,0.03178359903395176,3.4001670645711357e-09,42.0,5
smile,random,2,0.08131847530603409,0.08131847530603409,3.4001670645711357e-09,0.1,0.2,0.04953487627208233,0.0,-0.1,0.03178359903395176,0.03178359903395176,3.4001670645711357e-09,42.0,6
smile,random,2,0.08131847530603409,0.08131847530603409,3.4001670645711357e-09,0.1,0.2,0.04953487627208233,0.0,-0.1,0.03178359903395176,0.03178359903395176,3.4001670645711357e-09,42.0,7
smile,random,2,0.08131847530603409,0.08131847530603409,3.4001670645711357e-09,0.1,0.2,0.04953487627208233,0.0,-0.1,0.03178359903395176,0.03178359903395176,3.4001670645711357e-09,42.0,8
smile,random,2,0.08131847530603409,0.08131847530603409,3.4001670645711357e-09,0.1,0.2,0.04953487627208233,0.0,-0.1,0.03178359903395176,0.03178359903395176,3.4001670645711357e-09,42.0,9
smile,targeted,4,0.018719442188739777,0.018719442188739777,8.133617246386393e-08,0.3,0.2,0.04953487627208233,0.0,0.09999999999999998,-0.03081543408334255,-0.03081543408334255,8.133617246386393e-08,44.0,
smile,random,4,0.08131847530603409,0.08131847530603409,3.4001670645711357e-09,0.1,0.2,0.04953487627208233,0.0,-0.1,0.03178359903395176,0.03178359903395176,3.4001670645711357e-09,42.0,0
smile,random,4,0.08131847530603409,0.08131847530603409,3.4001670645711357e-09,0.1,0.2,0.04953487627208233,0.0,-0.1,0.03178359903395176,0.03178359903395176,3.4001670645711357e-09,42.0,1
smile,random,4,0.08131847530603409,0.08131847530603409,3.4001670645711357e-09,0.1,0.2,0.04953487627208233,0.0,-0.1,0.03178359903395176,0.03178359903395176,3.4001670645711357e-09,42.0,2
smile,random,4,0.08131847530603409,0.08131847530603409,3.4001670645711357e-09,0.1,0.2,0.04953487627208233,0.0,-0.1,0.03178359903395176,0.03178359903395176,3.4001670645711357e-09,42.0,3
smile,random,4,0.08131847530603409,0.08131847530603409,3.4001670645711357e-09,0.1,0.2,0.04953487627208233,0.0,-0.1,0.03178359903395176,0.03178359903395176,3.4001670645711357e-09,42.0,4
smile,random,4,0.08131847530603409,0.08131847530603409,3.4001670645711357e-09,0.1,0.2,0.04953487627208233,0.0,-0.1,0.03178359903395176,0.03178359903395176,3.4001670645711357e-09,42.0,5
smile,random,4,0.08131847530603409,0.08131847530603409,3.4001670645711357e-09,0.1,0.2,0.04953487627208233,0.0,-0.1,0.03178359903395176,0.03178359903395176,3.4001670645711357e-09,42.0,6
smile,random,4,0.08131847530603409,0.08131847530603409,3.4001670645711357e-09,0.1,0.2,0.04953487627208233,0.0,-0.1,0.03178359903395176,0.03178359903395176,3.4001670645711357e-09,42.0,7
smile,random,4,0.08131847530603409,0.08131847530603409,3.407789495035729e-09,0.1,0.2,0.04953487627208233,0.0,-0.1,0.03178359903395176,0.03178359903395176,3.407789495035729e-09,42.0,8
smile,random,4,0.08131847530603409,0.08131847530603409,3.4001670645711357e-09,0.1,0.2,0.04953487627208233,0.0,-0.1,0.03178359903395176,0.03178359903395176,3.4001670645711357e-09,42.0,9
smile,targeted,8,0.000588179100304842,0.000588179100304842,5.702009774344319e-07,0.2,0.2,0.04953487627208233,0.0,0.0,-0.048946697171777485,-0.048946697171777485,5.702009774344319e-07,44.0,
smile,random,8,0.08131847530603409,0.08131847530603409,3.4001670645711357e-09,0.1,0.2,0.04953487627208233,0.0,-0.1,0.03178359903395176,0.03178359903395176,3.4001670645711357e-09,42.0,0
smile,random,8,0.08131847530603409,0.08131847530603409,3.4001670645711357e-09,0.2,0.2,0.04953487627208233,0.0,0.0,0.03178359903395176,0.03178359903395176,3.4001670645711357e-09,42.0,1
smile,random,8,0.08131847530603409,0.08131847530603409,3.400163067768247e-09,0.1,0.2,0.04953487627208233,0.0,-0.1,0.03178359903395176,0.03178359903395176,3.400163067768247e-09,42.0,2
smile,random,8,0.08131847530603409,0.08131847530603409,3.4001670645711357e-09,0.1,0.2,0.04953487627208233,0.0,-0.1,0.03178359903395176,0.03178359903395176,3.4001670645711357e-09,42.0,3
smile,random,8,0.08131847530603409,0.08131847530603409,3.4001670645711357e-09,0.1,0.2,0.04953487627208233,0.0,-0.1,0.03178359903395176,0.03178359903395176,3.4001670645711357e-09,42.0,4
smile,random,8,0.08131847530603409,0.08131847530603409,3.4001670645711357e-09,0.1,0.2,0.04953487627208233,0.0,-0.1,0.03178359903395176,0.03178359903395176,3.4001670645711357e-09,42.0,5
smile,random,8,0.08131847530603409,0.08131847530603409,3.4001670645711357e-09,0.1,0.2,0.04953487627208233,0.0,-0.1,0.03178359903395176,0.03178359903395176,3.4001670645711357e-09,42.0,6
smile,random,8,0.08131847530603409,0.08131847530603409,3.4001590709653584e-09,0.3,0.2,0.04953487627208233,0.0,0.09999999999999998,0.03178359903395176,0.03178359903395176,3.4001590709653584e-09,42.0,7
smile,random,8,0.08131847530603409,0.08131847530603409,3.4001670645711357e-09,0.1,0.2,0.04953487627208233,0.0,-0.1,0.03178359903395176,0.03178359903395176,3.4001670645711357e-09,42.0,8
smile,random,8,0.08131847530603409,0.08131847530603409,3.4001670645711357e-09,0.1,0.2,0.04953487627208233,0.0,-0.1,0.03178359903395176,0.03178359903395176,3.4001670645711357e-09,42.0,9
smile,targeted,16,1.4779562661715318e-05,1.4779562661715318e-05,8.533099759774898e-09,0.1,0.2,0.04953487627208233,0.0,-0.1,-0.04952009670942061,-0.04952009670942061,8.533099759774898e-09,45.0,
smile,random,16,0.08131847530603409,0.08131847530603409,3.4001803872474312e-09,0.2,0.2,0.04953487627208233,0.0,0.0,0.03178359903395176,0.03178359903395176,3.4001803872474312e-09,42.0,0
smile,random,16,0.08131847530603409,0.08131847530603409,3.4001670645711357e-09,0.2,0.2,0.04953487627208233,0.0,0.0,0.03178359903395176,0.03178359903395176,3.4001670645711357e-09,42.0,1
smile,random,16,0.08131847530603409,0.08131847530603409,3.4001670645711357e-09,0.2,0.2,0.04953487627208233,0.0,0.0,0.03178359903395176,0.03178359903395176,3.4001670645711357e-09,42.0,2
smile,random,16,0.08131847530603409,0.08131847530603409,3.4001670645711357e-09,0.1,0.2,0.04953487627208233,0.0,-0.1,0.03178359903395176,0.03178359903395176,3.4001670645711357e-09,42.0,3
smile,random,16,0.08313208818435669,0.08313208818435669,3.1688957846665033e-09,0.1,0.2,0.04953487627208233,0.0,-0.1,0.03359721191227436,0.03359721191227436,3.1688957846665033e-09,42.0,4
smile,random,16,0.08369012922048569,0.08369012922048569,4.144501936087508e-09,0.1,0.2,0.04953487627208233,0.0,-0.1,0.03415525294840336,0.03415525294840336,4.144501936087508e-09,42.0,5
smile,random,16,0.08131847530603409,0.08131847530603409,3.4001670645711357e-09,0.1,0.2,0.04953487627208233,0.0,-0.1,0.03178359903395176,0.03178359903395176,3.4001670645711357e-09,42.0,6
smile,random,16,0.08131847530603409,0.08131847530603409,3.4001670645711357e-09,0.1,0.2,0.04953487627208233,0.0,-0.1,0.03178359903395176,0.03178359903395176,3.4001670645711357e-09,42.0,7
smile,random,16,0.08131847530603409,0.08131847530603409,3.387694152978682e-09,0.2,0.2,0.04953487627208233,0.0,0.0,0.03178359903395176,0.03178359903395176,3.387694152978682e-09,42.0,8
smile,random,16,0.08108595758676529,0.08108595758676529,3.328966685645085e-09,0.1,0.2,0.04953487627208233,0.0,-0.1,0.03155108131468296,0.03155108131468296,3.328966685645085e-09,42.0,9
smile,targeted,32,5.874896302771049e-08,5.874896302771049e-08,1.960189278688712e-10,0.3,0.2,0.04953487627208233,0.0,0.09999999999999998,-0.0495348175231193,-0.0495348175231193,1.960189278688712e-10,45.0,
smile,random,32,0.08508521318435669,0.08508521318435669,3.3125085452390124e-09,0.1,0.2,0.04953487627208233,0.0,-0.1,0.03555033691227436,0.03555033691227436,3.3125085452390124e-09,41.0,0
smile,random,32,0.08214390277862549,0.08214390277862549,3.438570761460369e-09,0.2,0.2,0.04953487627208233,0.0,0.0,0.03260902650654316,0.03260902650654316,3.438570761460369e-09,42.0,1
smile,random,32,0.08131847530603409,0.08131847530603409,3.4001670645711357e-09,0.1,0.2,0.04953487627208233,0.0,-0.1,0.03178359903395176,0.03178359903395176,3.4001670645711357e-09,43.0,2
smile,random,32,0.08159749209880829,0.08159749209880829,3.3515534791916934e-09,0.3,0.2,0.04953487627208233,0.0,0.09999999999999998,0.03206261582672596,0.03206261582672596,3.3515534791916934e-09,41.0,3
smile,random,32,0.08253481984138489,0.08253481984138489,3.1010363166217303e-09,0.2,0.2,0.04953487627208233,0.0,0.0,0.03299994356930256,0.03299994356930256,3.1010363166217303e-09,43.0,4
smile,random,32,0.11053759604692459,0.11053759604692459,3.860389563570266e-09,0.2,0.2,0.04953487627208233,0.0,0.0,0.061002719774842264,0.061002719774842264,3.860389563570266e-09,51.0,5
smile,random,32,0.08104817569255829,0.08104817569255829,3.38215763728833e-09,0.1,0.2,0.04953487627208233,0.0,-0.1,0.03151329942047596,0.03151329942047596,3.38215763728833e-09,42.0,6
smile,random,32,0.08116734027862549,0.08116734027862549,3.3761512197028054e-09,0.1,0.2,0.04953487627208233,0.0,-0.1,0.03163246400654316,0.03163246400654316,3.3761512197028054e-09,43.0,7
smile,random,32,0.07750958949327469,0.07750958949327469,2.4637921980374955e-09,0.1,0.2,0.04953487627208233,0.0,-0.1,0.02797471322119236,0.02797471322119236,2.4637921980374955e-09,42.0,8
smile,random,32,0.08131847530603409,0.08131847530603409,3.4001670645711357e-09,0.1,0.2,0.04953487627208233,0.0,-0.1,0.03178359903395176,0.03178359903395176,3.4001670645711357e-09,42.0,9
snow,targeted,1,0.06026764586567879,0.06026764586567879,1.0214278534093069e-08,0.1,0.2,0.09846962131559849,3.5696559684605944e-05,-0.1,-0.0382019754499197,-0.0382019754499197,-3.568634540607185e-05,35.0,
snow,random,1,0.10809393972158432,0.10809393972158432,3.123245040370648e-08,0.1,0.2,0.09846962131559849,3.5696559684605944e-05,-0.1,0.009624318405985835,0.009624318405985835,-3.566532723420224e-05,32.0,0
snow,random,1,0.10809393972158432,0.10809393972158432,3.1559689972482374e-08,0.2,0.2,0.09846962131559849,3.5696559684605944e-05,0.0,0.009624318405985835,0.009624318405985835,-3.566499999463346e-05,31.0,1
snow,random,1,0.10809393972158432,0.10809393972158432,3.123245040370648e-08,0.1,0.2,0.09846962131559849,3.5696559684605944e-05,-0.1,0.009624318405985835,0.009624318405985835,-3.566532723420224e-05,32.0,2
snow,random,1,0.10809393972158432,0.10809393972158432,3.123245040370648e-08,0.1,0.2,0.09846962131559849,3.5696559684605944e-05,-0.1,0.009624318405985835,0.009624318405985835,-3.566532723420224e-05,32.0,3
snow,random,1,0.10809393972158432,0.10809393972158432,3.123245040370648e-08,0.1,0.2,0.09846962131559849,3.5696559684605944e-05,-0.1,0.009624318405985835,0.009624318405985835,-3.566532723420224e-05,32.0,4
snow,random,1,0.10809393972158432,0.10809393972158432,3.123245040370648e-08,0.1,0.2,0.09846962131559849,3.5696559684605944e-05,-0.1,0.009624318405985835,0.009624318405985835,-3.566532723420224e-05,32.0,5
snow,random,1,0.10809393972158432,0.10809393972158432,3.1232491259913786e-08,0.1,0.2,0.09846962131559849,3.5696559684605944e-05,-0.1,0.009624318405985835,0.009624318405985835,-3.566532719334603e-05,32.0,6
snow,random,1,0.10809393972158432,0.10809393972158432,3.123245040370648e-08,0.1,0.2,0.09846962131559849,3.5696559684605944e-05,-0.1,0.009624318405985835,0.009624318405985835,-3.566532723420224e-05,32.0,7
snow,random,1,0.10809393972158432,0.10809393972158432,3.123245040370648e-08,0.1,0.2,0.09846962131559849,3.5696559684605944e-05,-0.1,0.009624318405985835,0.009624318405985835,-3.566532723420224e-05,32.0,8
snow,random,1,0.10809393972158432,0.10809393972158432,3.123245040370648e-08,0.1,0.2,0.09846962131559849,3.5696559684605944e-05,-0.1,0.009624318405985835,0.009624318405985835,-3.566532723420224e-05,32.0,9
snow,targeted,2,0.015395872294902802,0.015395872294902802,3.3227617102227214e-08,0.1,0.2,0.09846962131559849,3.5696559684605944e-05,-0.1,-0.08307374902069568,-0.08307374902069568,-3.566333206750372e-05,33.0,
snow,random,2,0.10809393972158432,0.10809393972158432,3.123245040370648e-08,0.1,0.2,0.09846962131559849,3.5696559684605944e-05,-0.1,0.009624318405985835,0.009624318405985835,-3.566532723420224e-05,32.0,0
snow,random,2,0.10807660222053528,0.10807660222053528,2.712649482816687e-08,0.1,0.2,0.09846962131559849,3.5696559684605944e-05,-0.1,0.009606980904936793,0.009606980904936793,-3.566943318977778e-05,32.0,1
snow,random,2,0.10809393972158432,0.10809393972158432,3.123245040370648e-08,0.1,0.2,0.09846962131559849,3.5696559684605944e-05,-0.1,0.009624318405985835,0.009624318405985835,-3.566532723420224e-05,32.0,2
snow,random,2,0.10809393972158432,0.10809393972158432,3.123245040370648e-08,0.1,0.2,0.09846962131559849,3.5696559684605944e-05,-0.1,0.009624318405985835,0.009624318405985835,-3.566532723420224e-05,32.0,3
snow,random,2,0.10809393972158432,0.10809393972158432,3.111946256240117e-08,0.1,0.2,0.09846962131559849,3.5696559684605944e-05,-0.1,0.009624318405985835,0.009624318405985835,-3.566544022204354e-05,32.0,4
snow,random,2,0.10809393972158432,0.10809393972158432,3.123245040370648e-08,0.1,0.2,0.09846962131559849,3.5696559684605944e-05,-0.1,0.009624318405985835,0.009624318405985835,-3.566532723420224e-05,32.0,5
snow,random,2,0.10809393972158432,0.10809393972158432,3.123245040370648e-08,0.1,0.2,0.09846962131559849,3.5696559684605944e-05,-0.1,0.009624318405985835,0.009624318405985835,-3.566532723420224e-05,32.0,6
snow,random,2,0.10809393972158432,0.10809393972158432,3.123245040370648e-08,0.1,0.2,0.09846962131559849,3.5696559684605944e-05,-0.1,0.009624318405985835,0.009624318405985835,-3.566532723420224e-05,32.0,7
snow,random,2,0.10809393972158432,0.10809393972158432,3.123245040370648e-08,0.1,0.2,0.09846962131559849,3.5696559684605944e-05,-0.1,0.009624318405985835,0.009624318405985835,-3.566532723420224e-05,32.0,8
snow,random,2,0.10809393972158432,0.10809393972158432,3.123245040370648e-08,0.1,0.2,0.09846962131559849,3.5696559684605944e-05,-0.1,0.009624318405985835,0.009624318405985835,-3.566532723420224e-05,32.0,9
snow,targeted,4,0.03710959106683731,0.03710959106683731,2.1531529625917756e-07,0.2,0.2,0.09846962131559849,3.5696559684605944e-05,0.0,-0.061360030248761174,-0.061360030248761174,-3.5481244388346767e-05,33.0,
snow,random,4,0.10809393972158432,0.10809393972158432,3.123245040370648e-08,0.1,0.2,0.09846962131559849,3.5696559684605944e-05,-0.1,0.009624318405985835,0.009624318405985835,-3.566532723420224e-05,32.0,0
snow,random,4,0.10808469355106354,0.10808469355106354,3.1187472160354446e-08,0.1,0.2,0.09846962131559849,3.5696559684605944e-05,-0.1,0.009615072235465053,0.009615072235465053,-3.566537221244559e-05,32.0,1
snow,random,4,0.10809393972158432,0.10809393972158432,3.123245040370648e-08,0.1,0.2,0.09846962131559849,3.5696559684605944e-05,-0.1,0.009624318405985835,0.009624318405985835,-3.566532723420224e-05,32.0,2
snow,random,4,0.10809393972158432,0.10809393972158432,3.123245040370648e-08,0.1,0.2,0.09846962131559849,3.5696559684605944e-05,-0.1,0.009624318405985835,0.009624318405985835,-3.566532723420224e-05,32.0,3
snow,random,4,0.10809393972158432,0.10809393972158432,3.123245040370648e-08,0.1,0.2,0.09846962131559849,3.5696559684605944e-05,-0.1,0.009624318405985835,0.009624318405985835,-3.566532723420224e-05,32.0,4
snow,random,4,0.10809393972158432,0.10809393972158432,3.123245040370648e-08,0.1,0.2,0.09846962131559849,3.5696559684605944e-05,-0.1,0.009624318405985835,0.009624318405985835,-3.566532723420224e-05,32.0,5
snow,random,4,0.10809393972158432,0.10809393972158432,3.123245040370648e-08,0.1,0.2,0.09846962131559849,3.5696559684605944e-05,-0.1,0.009624318405985835,0.009624318405985835,-3.566532723420224e-05,32.0,6
snow,random,4,0.10809393972158432,0.10809393972158432,3.123245040370648e-08,0.2,0.2,0.09846962131559849,3.5696559684605944e-05,0.0,0.009624318405985835,0.009624318405985835,-3.566532723420224e-05,32.0,7
snow,random,4,0.11316785216331482,0.11316785216331482,2.6587255064214332e-08,0.1,0.2,0.09846962131559849,3.5696559684605944e-05,-0.1,0.014698230847716334,0.014698230847716334,-3.566997242954173e-05,32.0,8
snow,random,4,0.10809393972158432,0.10809393972158432,3.123245040370648e-08,0.1,0.2,0.09846962131559849,3.5696559684605944e-05,-0.1,0.009624318405985835,0.009624318405985835,-3.566532723420224e-05,32.0,9
snow,targeted,8,0.0004767261852975935,0.0004767261852975935,4.940951185972153e-06,0.1,0.2,0.09846962131559849,3.5696559684605944e-05,-0.1,-0.09799289513030089,-0.09799289513030089,-3.075560849863379e-05,34.0,
snow,random,8,0.10809393972158432,0.10809393972158432,3.123245040370648e-08,0.1,0.2,0.09846962131559849,3.5696559684605944e-05,-0.1,0.009624318405985835,0.009624318405985835,-3.566532723420224e-05,32.0,0
snow,random,8,0.10821231454610825,0.10821231454610825,3.123227809709306e-08,0.1,0.2,0.09846962131559849,3.5696559684605944e-05,-0.1,0.00974269323050976,0.00974269323050976,-3.566532740650885e-05,34.0,1
snow,random,8,0.10809393972158432,0.10809393972158432,3.123245040370648e-08,0.1,0.2,0.09846962131559849,3.5696559684605944e-05,-0.1,0.009624318405985835,0.009624318405985835,-3.566532723420224e-05,32.0,2
snow,random,8,0.10809515416622162,0.10809515416622162,3.122214398132428e-08,0.1,0.2,0.09846962131559849,3.5696559684605944e-05,-0.1,0.009625532850623134,0.009625532850623134,-3.566533754062462e-05,32.0,3
snow,random,8,0.10809393972158432,0.10809393972158432,3.123245040370648e-08,0.1,0.2,0.09846962131559849,3.5696559684605944e-05,-0.1,0.009624318405985835,0.009624318405985835,-3.566532723420224e-05,32.0,4
snow,random,8,0.10809393972158432,0.10809393972158432,3.123245040370648e-08,0.1,0.2,0.09846962131559849,3.5696559684605944e-05,-0.1,0.009624318405985835,0.009624318405985835,-3.566532723420224e-05,32.0,5
snow,random,8,0.10820676386356354,0.10820676386356354,3.1456020899156556e-08,0.1,0.2,0.09846962131559849,3.5696559684605944e-05,-0.1,0.009737142547965053,0.009737142547965053,-3.566510366370679e-05,31.0,6
snow,random,8,0.10809393972158432,0.10809393972158432,3.123245306824174e-08,0.1,0.2,0.09846962131559849,3.5696559684605944e-05,-0.1,0.009624318405985835,0.009624318405985835,-3.56653272315377e-05,32.0,7
snow,random,8,0.10809393972158432,0.10809393972158432,3.123245040370648e-08,0.1,0.2,0.09846962131559849,3.5696559684605944e-05,-0.1,0.009624318405985835,0.009624318405985835,-3.566532723420224e-05,32.0,8
snow,random,8,0.10809393972158432,0.10809393972158432,3.123245040370648e-08,0.1,0.2,0.09846962131559849,3.5696559684605944e-05,-0.1,0.009624318405985835,0.009624318405985835,-3.566532723420224e-05,32.0,9
snow,targeted,16,0.00012352266639936715,0.00012352266639936715,1.434919511211774e-06,0.2,0.2,0.09846962131559849,3.5696559684605944e-05,0.0,-0.09834609864919912,-0.09834609864919912,-3.426164017339417e-05,33.0,
snow,random,16,0.10809393972158432,0.10809393972158432,3.123245040370648e-08,0.1,0.2,0.09846962131559849,3.5696559684605944e-05,-0.1,0.009624318405985835,0.009624318405985835,-3.566532723420224e-05,32.0,0
snow,random,16,0.10809393972158432,0.10809393972158432,3.123244951552806e-08,0.1,0.2,0.09846962131559849,3.5696559684605944e-05,-0.1,0.009624318405985835,0.009624318405985835,-3.5665327235090416e-05,32.0,1
snow,random,16,0.10809393972158432,0.10809393972158432,3.123245040370648e-08,0.2,0.2,0.09846962131559849,3.5696559684605944e-05,0.0,0.009624318405985835,0.009624318405985835,-3.566532723420224e-05,32.0,2
snow,random,16,0.10809393972158432,0.10809393972158432,3.123245040370648e-08,0.1,0.2,0.09846962131559849,3.5696559684605944e-05,-0.1,0.009624318405985835,0.009624318405985835,-3.566532723420224e-05,32.0,3
snow,random,16,0.10809393972158432,0.10809393972158432,3.1224526075845915e-08,0.1,0.2,0.09846962131559849,3.5696559684605944e-05,-0.1,0.009624318405985835,0.009624318405985835,-3.56653351585301e-05,33.0,4
snow,random,16,0.10809396952390671,0.10809396952390671,3.12324512918849e-08,0.1,0.2,0.09846962131559849,3.5696559684605944e-05,-0.1,0.009624348208308223,0.009624348208308223,-3.566532723331406e-05,32.0,5
snow,random,16,0.10809393972158432,0.10809393972158432,3.123245218006332e-08,0.2,0.2,0.09846962131559849,3.5696559684605944e-05,0.0,0.009624318405985835,0.009624318405985835,-3.566532723242588e-05,32.0,6
snow,random,16,0.10809393972158432,0.10809393972158432,3.123245040370648e-08,0.1,0.2,0.09846962131559849,3.5696559684605944e-05,-0.1,0.009624318405985835,0.009624318405985835,-3.566532723420224e-05,32.0,7
snow,random,16,0.10821234434843063,0.10821234434843063,3.123245750913384e-08,0.2,0.2,0.09846962131559849,3.5696559684605944e-05,0.0,0.009742723032832148,0.009742723032832148,-3.566532722709681e-05,32.0,8
snow,random,16,0.10808561742305756,0.10808561742305756,3.1213007289920824e-08,0.2,0.2,0.09846962131559849,3.5696559684605944e-05,0.0,0.009615996107459071,0.009615996107459071,-3.566534667731602e-05,32.0,9
snow,targeted,32,1.3984877114125993e-06,1.3984877114125993e-06,2.02876460519974e-07,0.2,0.2,0.09846962131559849,3.5696559684605944e-05,0.0,-0.09846822282788707,-0.09846822282788707,-3.549368322408597e-05,32.0,
snow,random,32,0.10809393972158432,0.10809393972158432,3.123245040370648e-08,0.1,0.2,0.09846962131559849,3.5696559684605944e-05,-0.1,0.009624318405985835,0.009624318405985835,-3.566532723420224e-05,33.0,0
snow,random,32,0.10817717015743256,0.10817717015743256,2.6877826186932907e-08,0.1,0.2,0.09846962131559849,3.5696559684605944e-05,-0.1,0.009707548841834071,0.009707548841834071,-3.566968185841901e-05,33.0,1
snow,random,32,0.10797557234764099,0.10797557234764099,2.6596035596071488e-08,0.1,0.2,0.09846962131559849,3.5696559684605944e-05,-0.1,0.009505951032042506,0.009505951032042506,-3.566996364900987e-05,33.0,2
snow,random,32,0.10809393972158432,0.10809393972158432,3.123245040370648e-08,0.2,0.2,0.09846962131559849,3.5696559684605944e-05,0.0,0.009624318405985835,0.009624318405985835,-3.566532723420224e-05,31.0,3
snow,random,32,0.10809917002916336,0.10809917002916336,2.8965233767053178e-08,0.1,0.2,0.09846962131559849,3.5696559684605944e-05,-0.1,0.009629548713564876,0.009629548713564876,-3.566759445083889e-05,32.0,4
snow,random,32,0.1080724373459816,0.1080724373459816,3.120079661300679e-08,0.2,0.2,0.09846962131559849,3.5696559684605944e-05,0.0,0.009602816030383113,0.009602816030383113,-3.566535888799294e-05,32.0,5
snow,random,32,0.10809393972158432,0.10809393972158432,3.111946256240117e-08,0.1,0.2,0.09846962131559849,3.5696559684605944e-05,-0.1,0.009624318405985835,0.009624318405985835,-3.566544022204354e-05,33.0,6
snow,random,32,0.1080365777015686,0.1080365777015686,3.143193705312797e-08,0.1,0.2,0.09846962131559849,3.5696559684605944e-05,-0.1,0.009566956385970118,0.009566956385970118,-3.5665127747552816e-05,31.0,7
snow,random,32,0.10809390991926193,0.10809390991926193,3.123244773917122e-08,0.2,0.2,0.09846962131559849,3.5696559684605944e-05,0.0,0.009624288603663447,0.009624288603663447,-3.566532723686677e-05,32.0,8
snow,random,32,0.10809393972158432,0.10809393972158432,3.123245040370648e-08,0.1,0.2,0.09846962131559849,3.5696559684605944e-05,-0.1,0.009624318405985835,0.009624318405985835,-3.566532723420224e-05,32.0,9
blue,targeted,1,1.9572174991822067e-08,1.9572174991822067e-08,4.520171948199647e-08,0.1,0.1,0.010378213063435737,7.54192442400381e-05,0.0,-0.010378193491260745,-0.010378193491260745,-7.53740425205561e-05,39.0,
blue,random,1,4.291338882467244e-06,4.291338882467244e-06,2.9640548221410157e-07,0.1,0.1,0.010378213063435737,7.54192442400381e-05,0.0,-0.01037392172455327,-0.01037392172455327,-7.5122838757824e-05,38.0,0
blue,random,1,4.291338882467244e-06,4.291338882467244e-06,2.434235789050554e-07,0.1,0.1,0.010378213063435737,7.54192442400381e-05,0.0,-0.01037392172455327,-0.01037392172455327,-7.517582066113304e-05,38.0,1
blue,random,1,4.291338882467244e-06,4.291338882467244e-06,2.9640548221410157e-07,0.1,0.1,0.010378213063435737,7.54192442400381e-05,0.0,-0.01037392172455327,-0.01037392172455327,-7.5122838757824e-05,38.0,2
blue,random,1,4.291338882467244e-06,4.291338882467244e-06,2.9640548221410157e-07,0.1,0.1,0.010378213063435737,7.54192442400381e-05,0.0,-0.01037392172455327,-0.01037392172455327,-7.5122838757824e-05,38.0,3
blue,random,1,4.291338882467244e-06,4.291338882467244e-06,2.9640548221410157e-07,0.1,0.1,0.010378213063435737,7.54192442400381e-05,0.0,-0.01037392172455327,-0.01037392172455327,-7.5122838757824e-05,38.0,4
blue,random,1,4.291338882467244e-06,4.291338882467244e-06,2.9640548221410157e-07,0.1,0.1,0.010378213063435737,7.54192442400381e-05,0.0,-0.01037392172455327,-0.01037392172455327,-7.5122838757824e-05,38.0,5
blue,random,1,4.291338882467244e-06,4.291338882467244e-06,2.9640548221410157e-07,0.1,0.1,0.010378213063435737,7.54192442400381e-05,0.0,-0.01037392172455327,-0.01037392172455327,-7.5122838757824e-05,38.0,6
blue,random,1,4.291338882467244e-06,4.291338882467244e-06,2.9640548221410157e-07,0.1,0.1,0.010378213063435737,7.54192442400381e-05,0.0,-0.01037392172455327,-0.01037392172455327,-7.5122838757824e-05,38.0,7
blue,random,1,4.291338882467244e-06,4.291338882467244e-06,2.9640548221410157e-07,0.1,0.1,0.010378213063435737,7.54192442400381e-05,0.0,-0.01037392172455327,-0.01037392172455327,-7.5122838757824e-05,38.0,8
blue,random,1,3.92046558772563e-06,3.92046558772563e-06,2.9640319205298526e-07,0.1,0.1,0.010378213063435737,7.54192442400381e-05,0.0,-0.010374292597848011,-0.010374292597848011,-7.512284104798511e-05,38.0,9
blue,targeted,2,1.957198492164025e-08,1.957198492164025e-08,4.5201719603427115e-08,0.1,0.1,0.010378213063435737,7.54192442400381e-05,0.0,-0.010378193491450815,-0.010378193491450815,-7.537404252043467e-05,42.0,
blue,random,2,4.291338882467244e-06,4.291338882467244e-06,2.9640548221410157e-07,0.1,0.1,0.010378213063435737,7.54192442400381e-05,0.0,-0.01037392172455327,-0.01037392172455327,-7.5122838757824e-05,38.0,0
blue,random,2,4.291338882467244e-06,4.291338882467244e-06,2.9640548221410157e-07,0.1,0.1,0.010378213063435737,7.54192442400381e-05,0.0,-0.01037392172455327,-0.01037392172455327,-7.5122838757824e-05,38.0,1
blue,random,2,4.291338882467244e-06,4.291338882467244e-06,2.9640548221410157e-07,0.1,0.1,0.010378213063435737,7.54192442400381e-05,0.0,-0.01037392172455327,-0.01037392172455327,-7.5122838757824e-05,38.0,2
blue,random,2,4.291338882467244e-06,4.291338882467244e-06,2.9640548221410157e-07,0.1,0.1,0.010378213063435737,7.54192442400381e-05,0.0,-0.01037392172455327,-0.01037392172455327,-7.5122838757824e-05,38.0,3
blue,random,2,4.291338882467244e-06,4.291338882467244e-06,2.9640548221410157e-07,0.1,0.1,0.010378213063435737,7.54192442400381e-05,0.0,-0.01037392172455327,-0.01037392172455327,-7.5122838757824e-05,38.0,4
blue,random,2,4.291338882467244e-06,4.291338882467244e-06,2.9640548221410157e-07,0.1,0.1,0.010378213063435737,7.54192442400381e-05,0.0,-0.01037392172455327,-0.01037392172455327,-7.5122838757824e-05,38.0,5
blue,random,2,4.291338882467244e-06,4.291338882467244e-06,2.9640548221410157e-07,0.1,0.1,0.010378213063435737,7.54192442400381e-05,0.0,-0.01037392172455327,-0.01037392172455327,-7.5122838757824e-05,38.0,6
blue,random,2,4.291338882467244e-06,4.291338882467244e-06,2.9640548221410157e-07,0.1,0.1,0.010378213063435737,7.54192442400381e-05,0.0,-0.01037392172455327,-0.01037392172455327,-7.5122838757824e-05,38.0,7
blue,random,2,4.291338882467244e-06,4.291338882467244e-06,2.9640548221410157e-07,0.1,0.1,0.010378213063435737,7.54192442400381e-05,0.0,-0.01037392172455327,-0.01037392172455327,-7.5122838757824e-05,38.0,8
blue,random,2,4.291338882467244e-06,4.291338882467244e-06,2.9640548221410157e-07,0.1,0.1,0.010378213063435737,7.54192442400381e-05,0.0,-0.01037392172455327,-0.01037392172455327,-7.5122838757824e-05,38.0,9
blue,targeted,4,6.311625888599792e-09,6.311625888599792e-09,1.6558810527617096e-08,0.1,0.1,0.010378213063435737,7.54192442400381e-05,0.0,-0.010378206751809848,-0.010378206751809848,-7.540268542951048e-05,42.0,
blue,random,4,4.291338882467244e-06,4.291338882467244e-06,2.434235789050554e-07,0.1,0.1,0.010378213063435737,7.54192442400381e-05,0.0,-0.01037392172455327,-0.01037392172455327,-7.517582066113304e-05,38.0,0
blue,random,4,4.291338882467244e-06,4.291338882467244e-06,2.9640548221410157e-07,0.1,0.1,0.010378213063435737,7.54192442400381e-05,0.0,-0.01037392172455327,-0.01037392172455327,-7.5122838757824e-05,38.0,1
blue,random,4,4.291338882467244e-06,4.291338882467244e-06,2.9640548221410157e-07,0.1,0.1,0.010378213063435737,7.54192442400381e-05,0.0,-0.01037392172455327,-0.01037392172455327,-7.5122838757824e-05,38.0,2
blue,random,4,4.291338882467244e-06,4.291338882467244e-06,2.9640548221410157e-07,0.1,0.1,0.010378213063435737,7.54192442400381e-05,0.0,-0.01037392172455327,-0.01037392172455327,-7.5122838757824e-05,38.0,3
blue,random,4,4.291338882467244e-06,4.291338882467244e-06,2.9640548221410157e-07,0.1,0.1,0.010378213063435737,7.54192442400381e-05,0.0,-0.01037392172455327,-0.01037392172455327,-7.5122838757824e-05,38.0,4
blue,random,4,4.4067814997106325e-06,4.4067814997106325e-06,3.0185765781398644e-07,0.1,0.1,0.010378213063435737,7.54192442400381e-05,0.0,-0.010373806281936026,-0.010373806281936026,-7.511738658222411e-05,38.0,5
blue,random,4,4.291338882467244e-06,4.291338882467244e-06,2.9640548221410157e-07,0.1,0.1,0.010378213063435737,7.54192442400381e-05,0.0,-0.01037392172455327,-0.01037392172455327,-7.5122838757824e-05,38.0,6
blue,random,4,4.291338882467244e-06,4.291338882467244e-06,2.9640548221410157e-07,0.1,0.1,0.010378213063435737,7.54192442400381e-05,0.0,-0.01037392172455327,-0.01037392172455327,-7.5122838757824e-05,38.0,7
blue,random,4,4.291338882467244e-06,4.291338882467244e-06,2.9640548221410157e-07,0.1,0.1,0.010378213063435737,7.54192442400381e-05,0.0,-0.01037392172455327,-0.01037392172455327,-7.5122838757824e-05,38.0,8
blue,random,4,4.291338882467244e-06,4.291338882467244e-06,2.9640548221410157e-07,0.1,0.1,0.010378213063435737,7.54192442400381e-05,0.0,-0.01037392172455327,-0.01037392172455327,-7.5122838757824e-05,38.0,9
blue,targeted,8,7.935170032169481e-08,7.935170032169481e-08,3.0079808865934865e-08,0.1,0.1,0.010378213063435737,7.54192442400381e-05,0.0,-0.010378133711735415,-0.010378133711735415,-7.538916443117216e-05,41.0,
blue,random,8,4.291338882467244e-06,4.291338882467244e-06,2.9640548221410157e-07,0.1,0.1,0.010378213063435737,7.54192442400381e-05,0.0,-0.01037392172455327,-0.01037392172455327,-7.5122838757824e-05,38.0,0
blue,random,8,4.291338882467244e-06,4.291338882467244e-06,2.9640548221410157e-07,0.1,0.1,0.010378213063435737,7.54192442400381e-05,0.0,-0.01037392172455327,-0.01037392172455327,-7.5122838757824e-05,38.0,1
blue,random,8,4.291338882467244e-06,4.291338882467244e-06,2.9640548221410157e-07,0.1,0.1,0.010378213063435737,7.54192442400381e-05,0.0,-0.01037392172455327,-0.01037392172455327,-7.5122838757824e-05,38.0,2
blue,random,8,4.291338882467244e-06,4.291338882467244e-06,2.9640548221410157e-07,0.1,0.1,0.010378213063435737,7.54192442400381e-05,0.0,-0.01037392172455327,-0.01037392172455327,-7.5122838757824e-05,38.0,3
blue,random,8,4.291338882467244e-06,4.291338882467244e-06,2.9640548221410157e-07,0.1,0.1,0.010378213063435737,7.54192442400381e-05,0.0,-0.01037392172455327,-0.01037392172455327,-7.5122838757824e-05,38.0,4
blue,random,8,4.291338882467244e-06,4.291338882467244e-06,2.9640548221410157e-07,0.1,0.1,0.010378213063435737,7.54192442400381e-05,0.0,-0.01037392172455327,-0.01037392172455327,-7.5122838757824e-05,38.0,5
blue,random,8,4.291338882467244e-06,4.291338882467244e-06,2.964054822002238e-07,0.1,0.1,0.010378213063435737,7.54192442400381e-05,0.0,-0.01037392172455327,-0.01037392172455327,-7.512283875783787e-05,38.0,6
blue,random,8,4.291338882467244e-06,4.291338882467244e-06,2.43423578995261e-07,0.1,0.1,0.010378213063435737,7.54192442400381e-05,0.0,-0.01037392172455327,-0.01037392172455327,-7.517582066104284e-05,38.0,7
blue,random,8,4.291338882467244e-06,4.291338882467244e-06,2.9640548221410157e-07,0.1,0.1,0.010378213063435737,7.54192442400381e-05,0.0,-0.01037392172455327,-0.01037392172455327,-7.5122838757824e-05,38.0,8
blue,random,8,4.291338882467244e-06,4.291338882467244e-06,2.9640548221410157e-07,0.1,0.1,0.010378213063435737,7.54192442400381e-05,0.0,-0.01037392172455327,-0.01037392172455327,-7.5122838757824e-05,38.0,9
blue,targeted,16,9.604606532320759e-08,9.604606532320759e-08,3.134131729143341e-08,0.1,0.1,0.010378213063435737,7.54192442400381e-05,0.0,-0.010378117017370413,-0.010378117017370413,-7.538790292274666e-05,49.0,
blue,random,16,4.291338882467244e-06,4.291338882467244e-06,2.964054823043072e-07,0.1,0.1,0.010378213063435737,7.54192442400381e-05,0.0,-0.01037392172455327,-0.01037392172455327,-7.512283875773379e-05,38.0,0
blue,random,16,4.291338882467244e-06,4.291338882467244e-06,2.9640548221410157e-07,0.1,0.1,0.010378213063435737,7.54192442400381e-05,0.0,-0.01037392172455327,-0.01037392172455327,-7.5122838757824e-05,38.0,1
blue,random,16,4.786678346135886e-06,4.786678346135886e-06,1.412116728341517e-07,0.1,0.1,0.010378213063435737,7.54192442400381e-05,0.0,-0.0103734263850896,-0.0103734263850896,-7.527803256720395e-05,38.0,2
blue,random,16,4.291338882467244e-06,4.291338882467244e-06,2.964054817075623e-07,0.1,0.1,0.010378213063435737,7.54192442400381e-05,0.0,-0.01037392172455327,-0.01037392172455327,-7.512283875833053e-05,38.0,3
blue,random,16,4.291338882467244e-06,4.291338882467244e-06,2.9640548221410157e-07,0.1,0.1,0.010378213063435737,7.54192442400381e-05,0.0,-0.01037392172455327,-0.01037392172455327,-7.5122838757824e-05,39.0,4
blue,random,16,4.291338882467244e-06,4.291338882467244e-06,2.9640548221410157e-07,0.1,0.1,0.010378213063435737,7.54192442400381e-05,0.0,-0.01037392172455327,-0.01037392172455327,-7.5122838757824e-05,38.0,5
blue,random,16,4.509943664743332e-06,4.509943664743332e-06,8.45191895637587e-08,0.1,0.1,0.010378213063435737,7.54192442400381e-05,0.0,-0.010373703119770993,-0.010373703119770993,-7.533472505047434e-05,38.0,6
blue,random,16,4.291282039048383e-06,4.291282039048383e-06,2.9640548165205116e-07,0.1,0.1,0.010378213063435737,7.54192442400381e-05,0.0,-0.010373921781396688,-0.010373921781396688,-7.512283875838605e-05,38.0,7
blue,random,16,4.291338882467244e-06,4.291338882467244e-06,2.9640548221410157e-07,0.1,0.1,0.010378213063435737,7.54192442400381e-05,0.0,-0.01037392172455327,-0.01037392172455327,-7.5122838757824e-05,38.0,8
blue,random,16,4.291338882467244e-06,4.291338882467244e-06,2.9640548221410157e-07,0.1,0.1,0.010378213063435737,7.54192442400381e-05,0.0,-0.01037392172455327,-0.01037392172455327,-7.5122838757824e-05,38.0,9
blue,targeted,32,1.7053237044706293e-08,1.7053237044706293e-08,3.751986484001879e-08,0.1,0.1,0.010378213063435737,7.54192442400381e-05,0.0,-0.010378196010198692,-0.010378196010198692,-7.538172437519808e-05,49.0,
blue,random,32,4.291338882467244e-06,4.291338882467244e-06,2.9640548189491245e-07,0.1,0.1,0.010378213063435737,7.54192442400381e-05,0.0,-0.01037392172455327,-0.01037392172455327,-7.512283875814318e-05,38.0,0
blue,random,32,4.289538537705084e-06,4.289538537705084e-06,2.9664390450989675e-07,0.1,0.1,0.010378213063435737,7.54192442400381e-05,0.0,-0.010373923524898031,-0.010373923524898031,-7.51226003355282e-05,38.0,1
blue,random,32,4.285544036974898e-06,4.285544036974898e-06,2.9576392081287484e-07,0.1,0.1,0.010378213063435737,7.54192442400381e-05,0.0,-0.010373927519398762,-0.010373927519398762,-7.512348031922522e-05,39.0,2
blue,random,32,4.291338882467244e-06,4.291338882467244e-06,2.9640548221410157e-07,0.1,0.1,0.010378213063435737,7.54192442400381e-05,0.0,-0.01037392172455327,-0.01037392172455327,-7.5122838757824e-05,38.0,3
blue,random,32,3.7137795061426004e-06,3.7137795061426004e-06,2.9921931173071403e-07,0.1,0.1,0.010378213063435737,7.54192442400381e-05,0.0,-0.010374499283929594,-0.010374499283929594,-7.512002492830738e-05,38.0,4
blue,random,32,4.705389528680826e-06,4.705389528680826e-06,2.9784167390051186e-07,0.1,0.1,0.010378213063435737,7.54192442400381e-05,0.0,-0.010373507673907056,-0.010373507673907056,-7.512140256613759e-05,38.0,5
blue,random,32,3.7138363495614612e-06,3.7138363495614612e-06,2.4623740898371826e-07,0.1,0.1,0.010378213063435737,7.54192442400381e-05,0.0,-0.010374499227086175,-0.010374499227086175,-7.517300683105438e-05,38.0,6
blue,random,32,4.291339337214595e-06,4.291339337214595e-06,2.964058409549164e-07,0.1,0.1,0.010378213063435737,7.54192442400381e-05,0.0,-0.010373921724098522,-0.010373921724098522,-7.512283839908318e-05,38.0,7
blue,random,32,4.064510449097725e-06,4.064510449097725e-06,2.9949753151126135e-07,0.1,0.1,0.010378213063435737,7.54192442400381e-05,0.0,-0.010374148552986639,-0.010374148552986639,-7.511974670852684e-05,38.0,8
blue,random,32,4.291338882467244e-06,4.291338882467244e-06,2.964053457885085e-07,0.1,0.1,0.010378213063435737,7.54192442400381e-05,0.0,-0.01037392172455327,-0.01037392172455327,-7.512283889424959e-05,38.0,9
ship,targeted,1,0.10794536769390106,0.10794536769390106,7.690866965504028e-08,0.1,0.1,0.15020596086978913,0.0,0.0,-0.04226059317588807,-0.04226059317588807,7.690866965504028e-08,39.0,
ship,random,1,0.10752453655004501,0.10752453655004501,6.691861642593722e-08,0.1,0.1,0.15020596086978913,0.0,0.0,-0.042681424319744116,-0.042681424319744116,6.691861642593722e-08,38.0,0
ship,random,1,0.10752453655004501,0.10752453655004501,6.691861642593722e-08,0.1,0.1,0.15020596086978913,0.0,0.0,-0.042681424319744116,-0.042681424319744116,6.691861642593722e-08,38.0,1
ship,random,1,0.10752453655004501,0.10752453655004501,6.691861642593722e-08,0.1,0.1,0.15020596086978913,0.0,0.0,-0.042681424319744116,-0.042681424319744116,6.691861642593722e-08,38.0,2
ship,random,1,0.10752453655004501,0.10752453655004501,6.691861642593722e-08,0.1,0.1,0.15020596086978913,0.0,0.0,-0.042681424319744116,-0.042681424319744116,6.691861642593722e-08,38.0,3
ship,random,1,0.10752453655004501,0.10752453655004501,6.691861642593722e-08,0.1,0.1,0.15020596086978913,0.0,0.0,-0.042681424319744116,-0.042681424319744116,6.691861642593722e-08,38.0,4
ship,random,1,0.10752453655004501,0.10752453655004501,6.691861642593722e-08,0.1,0.1,0.15020596086978913,0.0,0.0,-0.042681424319744116,-0.042681424319744116,6.691861642593722e-08,38.0,5
ship,random,1,0.10752453655004501,0.10752453655004501,6.691861642593722e-08,0.1,0.1,0.15020596086978913,0.0,0.0,-0.042681424319744116,-0.042681424319744116,6.691861642593722e-08,38.0,6
ship,random,1,0.10752453655004501,0.10752453655004501,6.691861642593722e-08,0.1,0.1,0.15020596086978913,0.0,0.0,-0.042681424319744116,-0.042681424319744116,6.691861642593722e-08,38.0,7
ship,random,1,0.10752453655004501,0.10752453655004501,6.691861642593722e-08,0.1,0.1,0.15020596086978913,0.0,0.0,-0.042681424319744116,-0.042681424319744116,6.691861642593722e-08,38.0,8
ship,random,1,0.10752453655004501,0.10752453655004501,6.691861642593722e-08,0.1,0.1,0.15020596086978913,0.0,0.0,-0.042681424319744116,-0.042681424319744116,6.691861642593722e-08,38.0,9
ship,targeted,2,0.0659777969121933,0.0659777969121933,1.9789467842201702e-07,0.1,0.1,0.15020596086978913,0.0,0.0,-0.08422816395759583,-0.08422816395759583,1.9789467842201702e-07,40.0,
ship,random,2,0.10752453655004501,0.10752453655004501,6.691861642593722e-08,0.1,0.1,0.15020596086978913,0.0,0.0,-0.042681424319744116,-0.042681424319744116,6.691861642593722e-08,38.0,0
ship,random,2,0.10752453655004501,0.10752453655004501,6.691861642593722e-08,0.1,0.1,0.15020596086978913,0.0,0.0,-0.042681424319744116,-0.042681424319744116,6.691861642593722e-08,38.0,1
ship,random,2,0.10752453655004501,0.10752453655004501,6.691861642593722e-08,0.1,0.1,0.15020596086978913,0.0,0.0,-0.042681424319744116,-0.042681424319744116,6.691861642593722e-08,38.0,2
ship,random,2,0.10752453655004501,0.10752453655004501,6.691861642593722e-08,0.1,0.1,0.15020596086978913,0.0,0.0,-0.042681424319744116,-0.042681424319744116,6.691861642593722e-08,38.0,3
ship,random,2,0.10752453655004501,0.10752453655004501,6.691861642593722e-08,0.1,0.1,0.15020596086978913,0.0,0.0,-0.042681424319744116,-0.042681424319744116,6.691861642593722e-08,38.0,4
ship,random,2,0.10752453655004501,0.10752453655004501,6.691861642593722e-08,0.1,0.1,0.15020596086978913,0.0,0.0,-0.042681424319744116,-0.042681424319744116,6.691861642593722e-08,39.0,5
ship,random,2,0.10752453655004501,0.10752453655004501,6.691861642593722e-08,0.1,0.1,0.15020596086978913,0.0,0.0,-0.042681424319744116,-0.042681424319744116,6.691861642593722e-08,38.0,6
ship,random,2,0.10752453655004501,0.10752453655004501,6.691861642593722e-08,0.1,0.1,0.15020596086978913,0.0,0.0,-0.042681424319744116,-0.042681424319744116,6.691861642593722e-08,38.0,7
ship,random,2,0.10752453655004501,0.10752453655004501,6.691861642593722e-08,0.1,0.1,0.15020596086978913,0.0,0.0,-0.042681424319744116,-0.042681424319744116,6.691861642593722e-08,38.0,8
ship,random,2,0.10752453655004501,0.10752453655004501,6.691861642593722e-08,0.1,0.1,0.15020596086978913,0.0,0.0,-0.042681424319744116,-0.042681424319744116,6.691861642593722e-08,38.0,9
ship,targeted,4,0.06176968663930893,0.06176968663930893,2.426234004815342e-07,0.1,0.1,0.15020596086978913,0.0,0.0,-0.0884362742304802,-0.0884362742304802,2.426234004815342e-07,41.0,
ship,random,4,0.10752453655004501,0.10752453655004501,6.691861642593722e-08,0.1,0.1,0.15020596086978913,0.0,0.0,-0.042681424319744116,-0.042681424319744116,6.691861642593722e-08,38.0,0
ship,random,4,0.10752453655004501,0.10752453655004501,6.691861642593722e-08,0.1,0.1,0.15020596086978913,0.0,0.0,-0.042681424319744116,-0.042681424319744116,6.691861642593722e-08,38.0,1
ship,random,4,0.10752453655004501,0.10752453655004501,6.691861642593722e-08,0.1,0.1,0.15020596086978913,0.0,0.0,-0.042681424319744116,-0.042681424319744116,6.691861642593722e-08,38.0,2
ship,random,4,0.10752453655004501,0.10752453655004501,6.691861642593722e-08,0.1,0.1,0.15020596086978913,0.0,0.0,-0.042681424319744116,-0.042681424319744116,6.691861642593722e-08,38.0,3
ship,random,4,0.10752453655004501,0.10752453655004501,6.691861642593722e-08,0.1,0.1,0.15020596086978913,0.0,0.0,-0.042681424319744116,-0.042681424319744116,6.691861642593722e-08,38.0,4
ship,random,4,0.10752453655004501,0.10752453655004501,6.691861642593722e-08,0.1,0.1,0.15020596086978913,0.0,0.0,-0.042681424319744116,-0.042681424319744116,6.691861642593722e-08,38.0,5
ship,random,4,0.10752453655004501,0.10752453655004501,6.691861642593722e-08,0.1,0.1,0.15020596086978913,0.0,0.0,-0.042681424319744116,-0.042681424319744116,6.691861642593722e-08,38.0,6
ship,random,4,0.10752453655004501,0.10752453655004501,6.691861642593722e-08,0.1,0.1,0.15020596086978913,0.0,0.0,-0.042681424319744116,-0.042681424319744116,6.691861642593722e-08,38.0,7
ship,random,4,0.10752453655004501,0.10752453655004501,6.691861642593722e-08,0.1,0.1,0.15020596086978913,0.0,0.0,-0.042681424319744116,-0.042681424319744116,6.691861642593722e-08,38.0,8
ship,random,4,0.10752453655004501,0.10752453655004501,6.691861642593722e-08,0.1,0.1,0.15020596086978913,0.0,0.0,-0.042681424319744116,-0.042681424319744116,6.691861642593722e-08,38.0,9
ship,targeted,8,0.01712299883365631,0.01712299883365631,9.901874591378146e-07,0.0,0.1,0.15020596086978913,0.0,-0.1,-0.13308296203613282,-0.13308296203613282,9.901874591378146e-07,52.0,
ship,random,8,0.10752453655004501,0.10752453655004501,6.691861642593722e-08,0.1,0.1,0.15020596086978913,0.0,0.0,-0.042681424319744116,-0.042681424319744116,6.691861642593722e-08,38.0,0
ship,random,8,0.10752453655004501,0.10752453655004501,6.691861642593722e-08,0.1,0.1,0.15020596086978913,0.0,0.0,-0.042681424319744116,-0.042681424319744116,6.691861642593722e-08,38.0,1
ship,random,8,0.10752453655004501,0.10752453655004501,6.691861642593722e-08,0.1,0.1,0.15020596086978913,0.0,0.0,-0.042681424319744116,-0.042681424319744116,6.691861642593722e-08,38.0,2
ship,random,8,0.10752453655004501,0.10752453655004501,6.691861642593722e-08,0.1,0.1,0.15020596086978913,0.0,0.0,-0.042681424319744116,-0.042681424319744116,6.691861642593722e-08,38.0,3
ship,random,8,0.10752453655004501,0.10752453655004501,6.691861642593722e-08,0.1,0.1,0.15020596086978913,0.0,0.0,-0.042681424319744116,-0.042681424319744116,6.691861642593722e-08,38.0,4
ship,random,8,0.10752453655004501,0.10752453655004501,6.691861642593722e-08,0.1,0.1,0.15020596086978913,0.0,0.0,-0.042681424319744116,-0.042681424319744116,6.691861642593722e-08,38.0,5
ship,random,8,0.10752453655004501,0.10752453655004501,6.691861642593722e-08,0.1,0.1,0.15020596086978913,0.0,0.0,-0.042681424319744116,-0.042681424319744116,6.691861642593722e-08,39.0,6
ship,random,8,0.10752484947443008,0.10752484947443008,6.692034304478511e-08,0.1,0.1,0.15020596086978913,0.0,0.0,-0.042681111395359045,-0.042681111395359045,6.692034304478511e-08,40.0,7
ship,random,8,0.10752476006746292,0.10752476006746292,6.691981724316065e-08,0.1,0.1,0.15020596086978913,0.0,0.0,-0.04268120080232621,-0.04268120080232621,6.691981724316065e-08,38.0,8
ship,random,8,0.10752453655004501,0.10752453655004501,6.691861642593722e-08,0.1,0.1,0.15020596086978913,0.0,0.0,-0.042681424319744116,-0.042681424319744116,6.691861642593722e-08,38.0,9
ship,targeted,16,1.5675443137297407e-05,1.5675443137297407e-05,6.807547947573767e-08,0.2,0.1,0.15020596086978913,0.0,0.1,-0.15019028542665183,-0.15019028542665183,6.807547947573767e-08,55.0,
ship,random,16,0.10752453655004501,0.10752453655004501,6.691861642593722e-08,0.1,0.1,0.15020596086978913,0.0,0.0,-0.042681424319744116,-0.042681424319744116,6.691861642593722e-08,38.0,0
ship,random,16,0.10752453655004501,0.10752453655004501,6.691861642593722e-08,0.1,0.1,0.15020596086978913,0.0,0.0,-0.042681424319744116,-0.042681424319744116,6.691861642593722e-08,38.0,1
ship,random,16,0.10752453655004501,0.10752453655004501,7.554560710332225e-08,0.1,0.1,0.15020596086978913,0.0,0.0,-0.042681424319744116,-0.042681424319744116,7.554560710332225e-08,38.0,2
ship,random,16,0.10752453655004501,0.10752453655004501,6.691868748021079e-08,0.1,0.1,0.15020596086978913,0.0,0.0,-0.042681424319744116,-0.042681424319744116,6.691868748021079e-08,38.0,3
ship,random,16,0.10752453655004501,0.10752453655004501,6.691861642593722e-08,0.1,0.1,0.15020596086978913,0.0,0.0,-0.042681424319744116,-0.042681424319744116,6.691861642593722e-08,38.0,4
ship,random,16,0.10752453655004501,0.10752453655004501,6.691861642593722e-08,0.1,0.1,0.15020596086978913,0.0,0.0,-0.042681424319744116,-0.042681424319744116,6.691861642593722e-08,38.0,5
ship,random,16,0.10752453655004501,0.10752453655004501,6.691861642593722e-08,0.1,0.1,0.15020596086978913,0.0,0.0,-0.042681424319744116,-0.042681424319744116,6.691861642593722e-08,38.0,6
ship,random,16,0.10752444714307785,0.10752444714307785,6.69187869561938e-08,0.1,0.1,0.15020596086978913,0.0,0.0,-0.04268151372671128,-0.04268151372671128,6.69187869561938e-08,38.0,7
ship,random,16,0.10731872916221619,0.10731872916221619,9.650526067161991e-08,0.1,0.1,0.15020596086978913,0.0,0.0,-0.04288723170757294,-0.04288723170757294,9.650526067161991e-08,38.0,8
ship,random,16,0.10752453655004501,0.10752453655004501,6.69185027390995e-08,0.2,0.1,0.15020596086978913,0.0,0.1,-0.042681424319744116,-0.042681424319744116,6.69185027390995e-08,38.0,9
ship,targeted,32,1.0796186415973352e-06,1.0796186415973352e-06,1.6406289660153561e-09,0.2,0.1,0.15020596086978913,0.0,0.1,-0.15020488125114753,-0.15020488125114753,1.6406289660153561e-09,62.0,
ship,random,32,0.10752453655004501,0.10752453655004501,6.691861642593722e-08,0.1,0.1,0.15020596086978913,0.0,0.0,-0.042681424319744116,-0.042681424319744116,6.691861642593722e-08,38.0,0
ship,random,32,0.10752453655004501,0.10752453655004501,6.713344902209428e-08,0.1,0.1,0.15020596086978913,0.0,0.0,-0.042681424319744116,-0.042681424319744116,6.713344902209428e-08,38.0,1
ship,random,32,0.10752453655004501,0.10752453655004501,8.534899365031379e-08,0.1,0.1,0.15020596086978913,0.0,0.0,-0.042681424319744116,-0.042681424319744116,8.534899365031379e-08,38.0,2
ship,random,32,0.09652812778949738,0.09652812778949738,6.771853122700122e-08,0.1,0.1,0.15020596086978913,0.0,0.0,-0.053677833080291754,-0.053677833080291754,6.771853122700122e-08,38.0,3
ship,random,32,0.10731572657823563,0.10731572657823563,5.868184871360427e-08,0.1,0.1,0.15020596086978913,0.0,0.0,-0.0428902342915535,-0.0428902342915535,5.868184871360427e-08,38.0,4
ship,random,32,0.10752446949481964,0.10752446949481964,6.691816167858633e-08,0.0,0.1,0.15020596086978913,0.0,-0.1,-0.04268149137496949,-0.04268149137496949,6.691816167858633e-08,38.0,5
ship,random,32,0.10752453655004501,0.10752453655004501,6.691861642593722e-08,0.1,0.1,0.15020596086978913,0.0,0.0,-0.042681424319744116,-0.042681424319744116,6.691861642593722e-08,38.0,6
ship,random,32,0.10733215510845184,0.10733215510845184,6.667719532060801e-08,0.1,0.1,0.15020596086978913,0.0,0.0,-0.042873805761337286,-0.042873805761337286,6.667719532060801e-08,38.0,7
ship,random,32,0.10742173343896866,0.10742173343896866,6.662462226358912e-08,0.1,0.1,0.15020596086978913,0.0,0.0,-0.04278422743082047,-0.04278422743082047,6.662462226358912e-08,38.0,8
ship,random,32,0.10762733221054077,0.10762733221054077,7.538668000961479e-08,0.1,0.1,0.15020596086978913,0.0,0.0,-0.04257862865924836,-0.04257862865924836,7.538668000961479e-08,37.0,9
